日期,Alyssa__消息数,明天不散步_消息数,Alyssa__情感分bert,明天不散步_情感分bert,Alyssa__平均反应秒数,明天不散步_平均反应秒数,Alyssa__平均情感分,明天不散步_平均情感分
2024-12-25 00:00:00,64,68,0.486377772,0.525905912,101.8387097,12.90625,0.519271234,0.688671696
2024-12-26 00:00:00,210,276,0.409077626,0.455201756,27.17931034,9.808219178,0.621695969,0.591068486
2024-12-27 00:00:00,124,150,0.409758041,0.436265111,36.92105263,13.23376623,0.553724268,0.517434202
2024-12-28 00:00:00,252,315,0.394076446,0.413068231,191.8461538,21.97435897,0.556042713,0.584503311
2024-12-29 00:00:00,224,349,0.417672492,0.461451857,71.25827815,11.63157895,0.565945586,0.581742661
2024-12-30 00:00:00,187,267,0.418648687,0.498160438,14.25925926,15.99270073,0.583607168,0.61055239
2024-12-31 00:00:00,189,240,0.459748367,0.472467982,21.93043478,156.9652174,0.585433148,0.594445498
2025-01-01 00:00:00,172,242,0.405070014,0.499675676,40.64485981,23.42592593,0.60283149,0.615414028
2025-01-02 00:00:00,225,335,0.457825309,0.483454537,117.9818182,53.33128834,0.55730048,0.594776273
2025-01-03 00:00:00,585,733,0.411538379,0.459799034,61.2740113,51.72394366,0.563409113,0.569095025
2025-01-04 00:00:00,318,368,0.41099369,0.423720324,98.41397849,22.62234043,0.55410399,0.570370565
2025-01-05 00:00:00,240,286,0.395704197,0.449695519,51.89677419,161.483871,0.548009664,0.575951012
2025-01-06 00:00:00,214,242,0.386724367,0.469657021,197,34.97744361,0.548489584,0.592414296
2025-01-07 00:00:00,110,124,0.332504782,0.491957584,63.55384615,194.0769231,0.55607388,0.602273652
2025-01-08 00:00:00,174,178,0.330237623,0.423914422,176.4411765,183.8333333,0.547863093,0.547576409
2025-01-09 00:00:00,112,123,0.316363433,0.478125622,286.2931034,247.7758621,0.542073885,0.589897487
2025-01-10 00:00:00,391,436,0.413644646,0.450766119,48.71559633,93.35909091,0.584017816,0.57800055
2025-01-11 00:00:00,258,263,0.398099903,0.530232134,127.9859155,121.2447552,0.567041325,0.601949904
2025-01-12 00:00:00,186,211,0.390058461,0.44726858,285.049505,32.83168317,0.577348146,0.594991241
2025-01-13 00:00:00,417,430,0.349890952,0.44726355,40.99156118,46.83193277,0.543151424,0.555172962
2025-01-14 00:00:00,330,350,0.378872646,0.443313501,73.62032086,85.07486631,0.578638492,0.612501032
2025-01-15 00:00:00,79,88,0.346139747,0.46558558,329.6041667,502.2340426,0.592130629,0.610061283
2025-01-16 00:00:00,233,229,0.390075092,0.447784301,155.6302521,153.575,0.566628982,0.587814615
2025-01-17 00:00:00,241,247,0.375124576,0.444305456,49.34931507,71.83673469,0.521975487,0.57337912
2025-01-18 00:00:00,157,163,0.325423264,0.419608525,121.8902439,225.7831325,0.543672002,0.589574938
2025-01-19 00:00:00,292,291,0.377332893,0.445123276,116.7320261,225.0064935,0.548477806,0.553889322
2025-01-20 00:00:00,355,351,0.374771956,0.416242914,84.38709677,75.32085561,0.525369968,0.549214646
2025-01-21 00:00:00,292,306,0.361779175,0.42947576,54.43448276,170.8013699,0.572279463,0.554388136
2025-01-22 00:00:00,213,191,0.410712222,0.47063291,107.6785714,188.5405405,0.584687811,0.585265674
2025-01-23 00:00:00,434,396,0.403771809,0.434117344,46.73333333,50.14218009,0.605139566,0.578556565
2025-01-24 00:00:00,70,46,0.366732398,0.36714612,28.14285714,252.6333333,0.592179892,0.564310108
2025-01-25 00:00:00,90,52,0.368805997,0.39456134,47.58333333,293.0857143,0.512975599,0.586006309
2025-01-26 00:00:00,178,141,0.379023466,0.40419312,209.8522727,36.28571429,0.552001017,0.593540707
2025-01-27 00:00:00,130,101,0.355143543,0.488619906,154.75,56.68333333,0.576409847,0.597583285
2025-01-28 00:00:00,317,256,0.402153807,0.46338287,116.8030303,181.8947368,0.560251038,0.592852559
2025-01-29 00:00:00,312,290,0.425842982,0.464087852,195.4840764,124.2229299,0.571696967,0.596956783
2025-01-30 00:00:00,75,71,0.397091923,0.514898676,107.1621622,113.4102564,0.525986287,0.62025972
2025-01-31 00:00:00,284,251,0.396805844,0.434285581,33.86,80.14666667,0.555450555,0.597583887
2025-02-01 00:00:00,322,255,0.374481941,0.415153385,103.4907975,79.10429448,0.573045297,0.588476365
2025-02-02 00:00:00,319,252,0.469832779,0.451198367,49.26206897,64.11111111,0.630119154,0.593846532
2025-02-03 00:00:00,334,301,0.445389414,0.433800235,36.13903743,86.77419355,0.601016462,0.566456386
2025-02-04 00:00:00,144,116,0.442193264,0.466141472,191.8933333,225.6266667,0.634071186,0.579458268
2025-02-05 00:00:00,118,100,0.4053115,0.390450083,59.17857143,418.8392857,0.507883689,0.461937795
2025-02-06 00:00:00,320,303,0.427551592,0.453559873,50.89595376,123.3218391,0.57934239,0.575815513
2025-02-07 00:00:00,324,302,0.419406715,0.450254695,49.60451977,65.52542373,0.614820138,0.612612876
2025-02-08 00:00:00,107,82,0.4769952,0.369365074,74.32653061,655.66,0.578047271,0.50770269
2025-02-09 00:00:00,106,88,0.386918102,0.450158147,143.754717,477.5576923,0.519651725,0.528874236
2025-02-10 00:00:00,217,189,0.389116514,0.437885088,60.07272727,51.04504505,0.56009935,0.587098691
2025-02-11 00:00:00,233,217,0.379405884,0.432154221,187.7017544,145.8859649,0.572036987,0.57627736
2025-02-12 00:00:00,205,180,0.422374291,0.471672488,84.00970874,124.6372549,0.575772282,0.612710069
2025-02-13 00:00:00,241,183,0.375182057,0.457497934,87.60526316,70.8173913,0.557188012,0.580870352
2025-02-14 00:00:00,134,124,0.371128922,0.40632616,77.015625,426.25,0.5820321,0.52835334
2025-02-15 00:00:00,218,203,0.433719116,0.45484352,150.1315789,163.4385965,0.621692672,0.59409654
2025-02-16 00:00:00,146,137,0.416705856,0.419422234,101.3289474,394.5974026,0.591772247,0.559732108
2025-02-17 00:00:00,90,80,0.473682295,0.493346179,536.2142857,188.7142857,0.57805221,0.607185155
2025-02-18 00:00:00,73,65,0.456330568,0.481646484,528.3235294,512.5833333,0.583276965,0.520679841
2025-02-19 00:00:00,228,225,0.47651745,0.515731442,139.3278689,89.87804878,0.593698002,0.620185947
2025-02-20 00:00:00,66,62,0.435036389,0.439778403,351.9375,204.90625,0.557317992,0.549129631
2025-02-21 00:00:00,262,232,0.429854655,0.441259883,72.79032258,252.76,0.58535967,0.605084282
2025-02-22 00:00:00,242,223,0.394371183,0.459406577,48.93495935,178.8943089,0.557723279,0.616325845
2025-02-23 00:00:00,112,106,0.398585939,0.446096035,308.6296296,157.5090909,0.50167605,0.572534644
2025-02-24 00:00:00,159,162,0.386899241,0.462786159,142,212.2469136,0.540638668,0.566474032
2025-02-25 00:00:00,49,43,0.338327779,0.447315023,156.1052632,142.25,0.554342278,0.674771471
2025-02-26 00:00:00,130,100,0.454198117,0.42879742,322.4666667,103.6393443,0.607792774,0.607173554
2025-02-27 00:00:00,173,138,0.461469224,0.501482999,266.8235294,200.9767442,0.577223309,0.640997426
2025-02-28 00:00:00,96,84,0.375408008,0.425896829,239.1086957,179.125,0.593540112,0.611648274
2025-03-01 00:00:00,116,129,0.377340827,0.417052754,96.5483871,102.9333333,0.568324524,0.58310252
2025-03-02 00:00:00,208,212,0.35600908,0.44476083,146.245283,104.4166667,0.566439435,0.568692002
2025-03-03 00:00:00,200,168,0.38861287,0.402566153,158.3023256,345.6321839,0.589908967,0.570722359
2025-03-04 00:00:00,143,133,0.425704233,0.419988423,280.0555556,163.8472222,0.608827796,0.549789639
2025-03-05 00:00:00,129,135,0.456918358,0.504300632,67.8030303,144.5,0.533318578,0.561004026
2025-03-06 00:00:00,133,119,0.424109483,0.468962075,173.6176471,48,0.578762668,0.620283827
2025-03-07 00:00:00,140,137,0.443762441,0.452418873,76.84848485,146.0151515,0.545934417,0.568767527
2025-03-08 00:00:00,73,77,0.396795897,0.439263159,37.19047619,345.5777778,0.526836932,0.568990958
2025-03-09 00:00:00,105,109,0.437759236,0.479686888,225.0181818,181.6296296,0.547799342,0.645707527
2025-03-10 00:00:00,79,75,0.498062256,0.538599663,387.5,254.8292683,0.634676036,0.60451071
2025-03-11 00:00:00,182,193,0.421900184,0.488551753,134.4591837,71.43434343,0.545158543,0.603692336
2025-03-12 00:00:00,197,185,0.414577436,0.455318185,164.3,83.75757576,0.594446849,0.57014788
2025-03-13 00:00:00,210,174,0.386778621,0.460735562,185.2247191,156.5888889,0.579907208,0.581033538
2025-03-14 00:00:00,114,109,0.338522294,0.391079426,295.7924528,413.1296296,0.510981634,0.557100245
2025-03-15 00:00:00,56,64,0.319876044,0.544702738,126.5769231,790.1851852,0.507343952,0.615854309
2025-03-16 00:00:00,115,102,0.403017403,0.521308667,429.9122807,195.2280702,0.519157782,0.608725206
2025-03-17 00:00:00,88,75,0.398829674,0.522723502,353.3529412,224.1176471,0.577778579,0.644173139
2025-03-18 00:00:00,188,148,0.470317211,0.463891716,108.6835443,118.7341772,0.567549486,0.593522806
2025-03-19 00:00:00,49,48,0.344124936,0.47914406,68.375,55.5,0.532509074,0.590102144
2025-03-20 00:00:00,98,85,0.472990357,0.508634417,264.3636364,512.75,0.554014297,0.635761548
2025-03-21 00:00:00,77,76,0.434481139,0.549777738,485.6129032,489.34375,0.567615645,0.624119953
2025-03-22 00:00:00,144,148,0.325513038,0.436772847,324.2089552,82.26470588,0.526700523,0.545094697
2025-03-23 00:00:00,187,195,0.445954488,0.450910208,53.80645161,38.57446809,0.55541396,0.563155591
2025-03-24 00:00:00,129,111,0.383094136,0.509221474,256.95,312.0327869,0.565113255,0.603592704
2025-03-25 00:00:00,138,123,0.38727425,0.411982944,349.75,151.1641791,0.519723193,0.512362196
2025-03-26 00:00:00,283,230,0.423350044,0.48471041,144.4042553,74.54225352,0.565420375,0.58895089
2025-03-27 00:00:00,147,141,0.395455612,0.432521109,249.5076923,57.49206349,0.533106168,0.559627717
2025-03-28 00:00:00,160,182,0.36668249,0.412909339,201.8095238,126.9879518,0.531526875,0.587581666
2025-03-29 00:00:00,120,98,0.375663473,0.467765615,264.5471698,41.92307692,0.539157147,0.564709783
2025-03-30 00:00:00,204,201,0.387908287,0.453440122,147.9207921,137.0784314,0.570991844,0.587652068
2025-03-31 00:00:00,136,117,0.374009045,0.5070289,138.8208955,462.1617647,0.551487074,0.635022319
2025-04-01 00:00:00,336,286,0.35678414,0.460852779,110.5,70.35625,0.555461292,0.593201016
2025-04-02 00:00:00,242,193,0.367938735,0.444856125,99.21495327,54.58490566,0.503812016,0.583167308
2025-04-03 00:00:00,284,276,0.431504343,0.497232508,169.0743243,81.62837838,0.586477723,0.610398666
2025-04-04 00:00:00,143,140,0.422991445,0.582993139,70.85526316,324.0131579,0.510587415,0.596766875
2025-04-05 00:00:00,206,186,0.364025177,0.47815397,151.8383838,120.4343434,0.539962019,0.596461354
2025-04-06 00:00:00,273,236,0.410221847,0.490068454,137.0703125,120.7265625,0.557769019,0.626758347
2025-04-07 00:00:00,237,214,0.37450636,0.475783343,180.4210526,235.4867257,0.524003705,0.583664245
2025-04-08 00:00:00,308,235,0.392136567,0.512688484,143.0808824,98.16176471,0.544454945,0.600201338
2025-04-09 00:00:00,69,51,0.415437502,0.464351591,323.5384615,317.6666667,0.554821356,0.537019149
2025-04-10 00:00:00,187,161,0.409225626,0.467148204,156.1153846,167.8101266,0.55162225,0.567279216
2025-04-11 00:00:00,20,16,0.502275967,0.483548945,299.8181818,33.9,0.533899754,0.640046046
2025-04-12 00:00:00,28,27,0.332104336,0.30947289,130.7272727,24.2,0.513346807,0.433482815
2025-04-13 00:00:00,68,59,0.391785907,0.468007245,303.7741935,291.6451613,0.493557371,0.523107366
2025-04-14 00:00:00,138,104,0.395883384,0.399855824,454,309.8644068,0.509781014,0.533402746
2025-04-15 00:00:00,164,154,0.439653408,0.441171024,189.5974026,134.8701299,0.537565879,0.541719431
2025-04-16 00:00:00,143,138,0.384522102,0.449811764,261.96875,113.8,0.597285691,0.567161011
2025-04-17 00:00:00,148,160,0.423827853,0.488604202,220.8378378,78.06849315,0.584739617,0.599926537
2025-04-18 00:00:00,51,60,0.363154024,0.407143907,115.2580645,180.1612903,0.557062958,0.507029342
2025-04-19 00:00:00,189,181,0.365103255,0.514192006,205.483871,116.8586957,0.570551942,0.625737857
2025-04-20 00:00:00,244,208,0.38720703,0.424703507,176.4054054,72.53571429,0.520743123,0.534465046
2025-04-21 00:00:00,191,171,0.355076713,0.469579223,154.7078652,326.6888889,0.530812817,0.594269441
2025-04-22 00:00:00,217,184,0.405399459,0.491492678,161.2553191,168.106383,0.541551402,0.551266689
2025-04-23 00:00:00,151,172,0.363226434,0.510703787,119.2763158,233.6315789,0.559103861,0.624989747
2025-04-24 00:00:00,213,233,0.401596888,0.453656347,137.5357143,103.5357143,0.538925291,0.57462206
2025-04-25 00:00:00,105,101,0.394716007,0.444002094,370.7037037,385.5185185,0.544612421,0.619362008
2025-04-26 00:00:00,163,177,0.283448059,0.401185473,280.494382,90.72222222,0.468724651,0.525621206
2025-04-27 00:00:00,218,211,0.430897623,0.478375102,188.7714286,142.7307692,0.588946562,0.596819232
2025-04-28 00:00:00,139,156,0.381617049,0.468457224,130.1643836,120.3378378,0.554586765,0.61255909
2025-04-29 00:00:00,136,140,0.331645962,0.402899177,363.328125,120.1587302,0.500084627,0.503880805
2025-04-30 00:00:00,76,81,0.392470549,0.470252788,481.1463415,228.0243902,0.558693298,0.632659801
2025-05-01 00:00:00,91,86,0.361670308,0.466436961,429.7,185.5853659,0.500549305,0.639892242
2025-05-02 00:00:00,50,57,0.290308282,0.350853929,247.5238095,475.952381,0.429427592,0.49357062
2025-05-03 00:00:00,58,50,0.27069451,0.480209322,608.05,942.8636364,0.496434404,0.569376276
2025-05-04 00:00:00,110,93,0.369871733,0.494232581,216.9375,332.7021277,0.474741881,0.618603504
2025-05-05 00:00:00,162,171,0.309741378,0.435868761,125.5189873,55.53164557,0.528909287,0.549207377
2025-05-06 00:00:00,180,177,0.359066922,0.450127053,190.7529412,190.255814,0.528868022,0.568657771
2025-05-07 00:00:00,145,131,0.384161349,0.498718762,148,284.6478873,0.547381595,0.596531037
2025-05-08 00:00:00,189,170,0.41310525,0.476238922,232.3809524,143.4578313,0.535372755,0.583685186
2025-05-09 00:00:00,127,130,0.385276243,0.485621563,304.8103448,371,0.571963792,0.630128733
2025-05-10 00:00:00,198,188,0.394118774,0.514197047,254.8139535,115.6627907,0.565833246,0.61767021
2025-05-11 00:00:00,173,216,0.421272063,0.493207262,91.04301075,98.13978495,0.564063909,0.628997054
2025-05-12 00:00:00,249,275,0.42177936,0.529313348,159.9830508,96.39830508,0.564245941,0.651179543
2025-05-13 00:00:00,169,196,0.386791669,0.50432111,107.2840909,148.0795455,0.559260214,0.635121949
2025-05-14 00:00:00,209,191,0.376723041,0.438020584,263.9175258,43.24210526,0.539280731,0.573847513
2025-05-15 00:00:00,264,275,0.403953499,0.475032892,114.5419847,163.9545455,0.56493474,0.603768657
2025-05-16 00:00:00,48,56,0.3672818,0.42824746,491.5,37.32,0.461652752,0.557164206
2025-05-17 00:00:00,156,160,0.413832132,0.457339569,60.8630137,39.19444444,0.588775919,0.628748567
2025-05-18 00:00:00,366,332,0.401780231,0.412617174,148.3502825,79.71910112,0.557859829,0.575702655
2025-05-19 00:00:00,321,327,0.35150958,0.387392044,151.3870968,108.3397436,0.534255887,0.529716832
2025-05-20 00:00:00,226,210,0.374520502,0.429651308,110.3396226,146.6571429,0.535004328,0.540998536
2025-05-21 00:00:00,180,181,0.403928115,0.477350942,254.7808219,173.9166667,0.558455245,0.553802252
2025-05-22 00:00:00,225,212,0.416693358,0.469797193,215.5445545,210.8118812,0.559741972,0.560676378
2025-05-23 00:00:00,88,85,0.415940248,0.55964062,228.4571429,111.8108108,0.522011286,0.636907564
2025-05-24 00:00:00,138,127,0.375911928,0.491796512,201.5538462,170.90625,0.513889441,0.523108402
2025-05-25 00:00:00,149,145,0.383133928,0.419980896,147.5606061,214.4307692,0.502971084,0.543569093
2025-05-26 00:00:00,216,228,0.36330596,0.437183569,91.16504854,219.5436893,0.529820285,0.552843814
2025-05-27 00:00:00,341,301,0.351021452,0.473339217,81.13907285,47.00653595,0.51525302,0.558743037
2025-05-28 00:00:00,164,159,0.393583768,0.482493616,278.7777778,54.52054795,0.559944565,0.587894052
2025-05-29 00:00:00,101,77,0.390865931,0.529245516,574.6,204.8974359,0.520872823,0.531120548
2025-05-30 00:00:00,86,96,0.44642429,0.400870656,317.6346154,450.8823529,0.509306509,0.484383145
2025-05-31 00:00:00,199,211,0.376585266,0.434524914,228.6976744,84.55294118,0.545191925,0.5463224
2025-06-01 00:00:00,390,306,0.363249512,0.463946264,49.86986301,119.1904762,0.532303485,0.586447408
2025-06-02 00:00:00,93,90,0.379546233,0.569032393,474.3181818,49.97674419,0.515339268,0.624739696
2025-06-03 00:00:00,89,80,0.35259692,0.525607817,341.3421053,258.6153846,0.51836477,0.527955667
2025-06-04 00:00:00,148,156,0.380859049,0.438963624,343.7794118,139.2985075,0.604115859,0.562990268
2025-06-05 00:00:00,156,140,0.438185635,0.491797201,229.8382353,420.0147059,0.561581501,0.61677318
2025-06-06 00:00:00,137,114,0.442290201,0.512591488,295.8076923,123.1296296,0.576623853,0.596458916
2025-06-07 00:00:00,82,78,0.391288785,0.48022527,231.7878788,108.0909091,0.535221603,0.5791659
2025-06-08 00:00:00,52,45,0.373758503,0.43593221,350.4583333,610.173913,0.504000775,0.550524147
2025-06-09 00:00:00,92,79,0.51294507,0.559414788,745.5945946,304.9230769,0.521242542,0.653897988
2025-06-10 00:00:00,143,125,0.415572744,0.420120465,146.2333333,208.1694915,0.530404737,0.557316508
2025-06-11 00:00:00,309,274,0.368409744,0.459993364,222.8307692,79.26153846,0.539608475,0.575838509
2025-06-12 00:00:00,128,134,0.386009721,0.457660348,293.625,276.5230769,0.500372774,0.507603163
2025-06-13 00:00:00,127,86,0.413592199,0.441237432,215.08,282.8039216,0.504410135,0.59072619
2025-06-14 00:00:00,80,62,0.422492863,0.437977987,150.0689655,413.4666667,0.560069548,0.543876219
2025-06-15 00:00:00,45,32,0.391371321,0.510372582,897.2352941,288.3157895,0.452849205,0.518861684
2025-06-16 00:00:00,79,60,0.325448256,0.400723876,1171.357143,584.8148148,0.54109031,0.562843341
2025-06-17 00:00:00,126,100,0.361454229,0.481447503,353,269.7708333,0.541934623,0.573503567
2025-06-18 00:00:00,69,58,0.435558105,0.449272208,508.962963,326.3461538,0.533098127,0.533428043
2025-06-19 00:00:00,22,19,0.448023176,0.67764642,1146,842.375,0.500340855,0.547036342
2025-06-20 00:00:00,162,130,0.398215185,0.506307319,494.7,104.1714286,0.575834448,0.619810347
2025-06-21 00:00:00,105,94,0.475714516,0.555802351,560.7857143,119.3255814,0.637638528,0.632146504
2025-06-22 00:00:00,79,81,0.278642753,0.49193934,710.2,259.5263158,0.464187776,0.60228315
2025-06-23 00:00:00,163,147,0.353795071,0.484084492,238.0645161,208.46875,0.529455387,0.615308406
2025-06-24 00:00:00,113,94,0.392734103,0.489564482,682.9111111,44.54545455,0.508534075,0.576953531
2025-06-25 00:00:00,107,94,0.440983639,0.487303363,453.05,120.55,0.571393567,0.52038829
2025-06-26 00:00:00,166,165,0.421285131,0.490675213,150.5542169,42.8452381,0.563039403,0.578376774
2025-06-27 00:00:00,110,101,0.40142825,0.500539558,456.52,183.0833333,0.540096672,0.596005221
2025-06-28 00:00:00,59,43,0.285988576,0.414442812,162,338.2857143,0.539326817,0.630705973
2025-06-29 00:00:00,145,120,0.400891875,0.52535399,383.4237288,145.440678,0.558994048,0.590332586
2025-06-30 00:00:00,195,139,0.446622859,0.500133295,439.4342105,70.53333333,0.578150086,0.607540411
2025-07-01 00:00:00,177,141,0.316555039,0.506763657,336.4246575,135.8513514,0.531141619,0.584696114
2025-07-02 00:00:00,201,161,0.391929783,0.475876543,274.8169014,42.88732394,0.536508565,0.539185398
2025-07-03 00:00:00,291,277,0.452688893,0.473678656,115.5481481,143.7925926,0.54980198,0.566745144
2025-07-04 00:00:00,243,225,0.421161148,0.439335592,142.2352941,125.6470588,0.595474715,0.602094877
2025-07-05 00:00:00,217,171,0.410231701,0.43632276,80.38297872,118.8421053,0.565485974,0.57567579
2025-07-06 00:00:00,194,158,0.419284771,0.43545337,492.1780822,127.7638889,0.521267281,0.580719048
2025-07-07 00:00:00,312,259,0.400301111,0.460160173,183.0406504,114.176,0.573607545,0.548456687
2025-07-08 00:00:00,262,195,0.413536273,0.485697736,205.827957,118.6666667,0.546845881,0.576594071
2025-07-09 00:00:00,259,192,0.390772201,0.461171096,56.28431373,61.23300971,0.516533476,0.549774146
2025-07-10 00:00:00,292,267,0.371591561,0.449537914,209.359375,61.6171875,0.536780946,0.575101935
2025-07-11 00:00:00,220,138,0.396198702,0.410904436,348.0909091,117.3076923,0.540402073,0.522296979
2025-07-12 00:00:00,196,159,0.359428038,0.444595591,280.4878049,172.7682927,0.560181272,0.550387671
2025-07-13 00:00:00,325,268,0.422705921,0.481106182,194.328125,123.3769231,0.544737494,0.554953937
2025-07-14 00:00:00,183,152,0.353502,0.417287228,195.9864865,303.9324324,0.533035399,0.503114078
2025-07-15 00:00:00,152,163,0.430123665,0.46704199,243.7971014,98.63768116,0.558542265,0.54578537
2025-07-16 00:00:00,252,273,0.305495731,0.44505983,138.8359375,105.3538462,0.500692855,0.593891236
2025-07-17 00:00:00,347,321,0.401653426,0.449476543,137.618705,102.7266187,0.570868927,0.562310613
2025-07-18 00:00:00,134,101,0.433329943,0.480576657,464.3846154,105.7115385,0.506685339,0.57046108
2025-07-19 00:00:00,125,122,0.42566081,0.491816886,427.2790698,544.8409091,0.56478009,0.630374529
2025-07-20 00:00:00,127,121,0.366507267,0.420822327,129.5245902,313.8709677,0.466629893,0.545173809
2025-07-21 00:00:00,162,203,0.371422337,0.443452708,137.5365854,164.0609756,0.543069508,0.514353531
2025-07-22 00:00:00,113,111,0.4219514,0.444756747,494.1904762,349.1904762,0.60167706,0.570072291
2025-07-23 00:00:00,227,229,0.474678396,0.476449179,227.8686869,102.0918367,0.57931197,0.591854373
2025-07-24 00:00:00,88,98,0.444826873,0.516441765,619.8684211,486.8421053,0.545014761,0.564008119
2025-07-25 00:00:00,141,132,0.458948728,0.48291885,227.968254,66.3015873,0.56005166,0.593374707
2025-07-28 00:00:00,50,48,0.291540982,0.466282181,1042.8,1113.7,0.522583317,0.530668149
2025-07-29 00:00:00,20,17,0.352243539,0.517480768,1520.888889,851.875,0.676160088,0.54162009
2025-07-30 00:00:00,64,50,0.411646867,0.497849344,435.6086957,84.54545455,0.552703459,0.584064589
2025-07-31 00:00:00,97,93,0.34596382,0.457061289,89.15384615,50.76923077,0.536488796,0.590442989
2025-08-01 00:00:00,42,36,0.435979929,0.582928397,413.2631579,544.8947368,0.574046005,0.6569218
2025-08-04 00:00:00,33,42,0.284026556,0.474159539,304.6666667,597,0.421345571,0.505996916
2025-08-05 00:00:00,24,37,0.400166442,0.5159146,409.25,642.9166667,0.570241632,0.579147985
2025-08-06 00:00:00,26,35,0.32994414,0.524942831,580.1666667,1462.083333,0.595360392,0.596144764
2025-08-07 00:00:00,45,43,0.38936497,0.466655422,150.047619,46.33333333,0.501540873,0.60079114
2025-08-08 00:00:00,19,34,0.416053528,0.510080959,641.7272727,289.6363636,0.481688852,0.518882664
2025-08-11 00:00:00,56,49,0.350678304,0.504094873,205.2857143,698.5909091,0.554832678,0.561970037
2025-08-12 00:00:00,22,25,0.496926476,0.562799921,183.25,811.9090909,0.683640178,0.616934577
2025-08-13 00:00:00,53,63,0.456149959,0.362775233,677.8076923,40,0.58939453,0.532571931
2025-08-14 00:00:00,87,91,0.402594556,0.41635273,374.8372093,82.57142857,0.54402079,0.505844332
2025-08-15 00:00:00,18,25,0.366648014,0.392337614,163.25,91.25,0.532616475,0.448984265
2025-08-18 00:00:00,73,69,0.420823862,0.427498398,199.1428571,56.31428571,0.579024911,0.538305946
2025-08-19 00:00:00,47,56,0.513696629,0.474749485,320.3846154,485.9615385,0.543475346,0.51875827
2025-08-20 00:00:00,112,136,0.444084105,0.491713211,199.3461538,189.0769231,0.581661882,0.587193751
2025-08-21 00:00:00,51,61,0.394889556,0.453454591,199.3846154,51.92307692,0.574680957,0.614417842
2025-08-22 00:00:00,113,128,0.38163763,0.456557559,125.3148148,354.1851852,0.468938736,0.510086939
2025-08-23 00:00:00,98,83,0.39470952,0.443716454,332.8285714,452.5,0.572083032,0.56840146
2025-08-24 00:00:00,98,97,0.403856827,0.473574708,426.6808511,125.0208333,0.591803872,0.582512897
2025-08-26 00:00:00,24,21,0.328091641,0.40216314,35.85714286,430.5,0.449163904,0.574004925
2025-08-27 00:00:00,115,96,0.406043217,0.492132451,402.9183673,442.3333333,0.510796561,0.538734361
2025-08-28 00:00:00,80,87,0.494277038,0.50012546,516.8333333,378.4857143,0.595040967,0.570941887
2025-08-29 00:00:00,47,41,0.382532342,0.447147431,529.1875,197.1176471,0.563886039,0.438380795
2025-08-30 00:00:00,62,55,0.407159597,0.375248776,628.7368421,171.4,0.555999627,0.545975964
2025-08-31 00:00:00,100,83,0.438404947,0.518826291,662.5116279,89.09302326,0.524979372,0.577384622
2025-09-01 00:00:00,112,113,0.455783333,0.541052227,466.6170213,173.8695652,0.579613435,0.618452996
2025-09-02 00:00:00,117,85,0.449923177,0.603883626,312.877551,483.1836735,0.520107135,0.640155855
2025-09-03 00:00:00,201,147,0.361903511,0.461272307,160.4166667,146.915493,0.52804264,0.595208277
2025-09-04 00:00:00,251,223,0.395028069,0.509235845,180.3495146,90.17307692,0.522530096,0.578602428
2025-09-05 00:00:00,166,133,0.407609442,0.563839396,327.859375,126.3846154,0.524764827,0.63116296
2025-09-06 00:00:00,187,180,0.375087126,0.502865302,123.0123457,86.97530864,0.533625334,0.573433818
2025-09-07 00:00:00,129,119,0.347286887,0.476697674,284.8,53.36666667,0.515552308,0.579748343
2025-09-08 00:00:00,144,126,0.429413276,0.529569477,253.9393939,181.969697,0.501367391,0.602276997
2025-09-09 00:00:00,319,277,0.401693927,0.459992679,155.9323308,96.78358209,0.533136307,0.585026437
2025-09-10 00:00:00,161,136,0.451589551,0.395974054,292.028169,152.915493,0.585982085,0.586167555
2025-09-11 00:00:00,225,265,0.404590374,0.449842256,123.2589286,85.26785714,0.510835394,0.545614306
2025-09-12 00:00:00,99,57,0.358287926,0.517191696,290.8,566.3666667,0.541071843,0.599267608
2025-09-13 00:00:00,225,207,0.40356384,0.511158668,247.3908046,179.6162791,0.549171373,0.599410723
2025-09-14 00:00:00,281,236,0.459368809,0.516891264,209.6612903,88.89516129,0.573296615,0.602343474
2025-09-15 00:00:00,160,120,0.446075986,0.456471258,381.2931034,150.0689655,0.586979106,0.560015203
2025-09-16 00:00:00,132,120,0.430242169,0.420107038,148.5357143,180.4285714,0.538815618,0.546894786
2025-09-17 00:00:00,180,133,0.490140882,0.507208024,183.1176471,115.0142857,0.588074696,0.584175065
2025-09-18 00:00:00,176,141,0.457863282,0.453427652,208.2352941,16.94117647,0.558277264,0.575563075
2025-09-19 00:00:00,102,67,0.467407646,0.449674165,748.9722222,87.80555556,0.568217421,0.552890763
2025-09-20 00:00:00,60,43,0.440786603,0.535839256,108.5217391,525.6086957,0.578458826,0.524740651
2025-09-21 00:00:00,228,201,0.477653342,0.466821754,195.3434343,52.17171717,0.592758127,0.576302529
2025-09-22 00:00:00,261,198,0.381228863,0.444245215,208.079646,58.86607143,0.52247392,0.567567576
2025-09-23 00:00:00,39,33,0.329059165,0.414537543,653.1333333,46.25,0.504940871,0.472249706
2025-09-24 00:00:00,39,24,0.352276846,0.391350389,1023.428571,121.3571429,0.392845107,0.49578284
2025-09-25 00:00:00,188,181,0.468965738,0.461492579,173,168.0119048,0.564504331,0.544820779
2025-09-26 00:00:00,127,113,0.378250335,0.44938928,463.3846154,207.5849057,0.516452653,0.571277833
2025-09-27 00:00:00,206,167,0.44174469,0.486922873,413.8023256,53.3372093,0.544637644,0.588182586
2025-09-28 00:00:00,308,245,0.443484918,0.425237691,140.7883212,111.4525547,0.583146039,0.568384767
2025-09-29 00:00:00,254,249,0.392554093,0.479595106,198.4358974,42.94017094,0.547055537,0.549151136
2025-09-30 00:00:00,414,291,0.417775907,0.391959672,85.55367232,55.00564972,0.551615139,0.52651154
2025-10-01 00:00:00,181,164,0.474579404,0.492383981,204.5068493,75.54166667,0.617477523,0.569988968
2025-10-02 00:00:00,229,178,0.41844737,0.473739963,222.7717391,210.0652174,0.570821927,0.565578603
2025-10-03 00:00:00,182,157,0.474536037,0.45523424,188.988764,182.8222222,0.54024984,0.572710782
2025-10-04 00:00:00,226,189,0.445533859,0.477311069,102.3627451,99.15841584,0.59587497,0.583350761
2025-10-05 00:00:00,106,81,0.485260431,0.515689527,290.0212766,300.0851064,0.674141775,0.661646534
2025-10-06 00:00:00,180,142,0.434646493,0.511802222,76.25,96.51388889,0.550518277,0.605308712
2025-10-07 00:00:00,359,279,0.420667208,0.450876651,210.163522,37.64556962,0.563414414,0.558998099
2025-10-08 00:00:00,141,122,0.482941071,0.412313801,355.921875,222.8153846,0.546398202,0.566275357
2025-10-09 00:00:00,43,33,0.427888653,0.481454582,310.3888889,320.9444444,0.534988121,0.581970469
2025-10-10 00:00:00,36,50,0.420317439,0.515071539,1112.529412,70.22222222,0.549422533,0.566146642
2025-10-11 00:00:00,95,79,0.343003317,0.464712037,258.6222222,45.39130435,0.530835183,0.579024604
2025-10-12 00:00:00,287,273,0.366748042,0.486480313,87.35036496,81,0.512247487,0.593072825
2025-10-13 00:00:00,226,191,0.397400024,0.484140561,123.2043011,90.66666667,0.537584282,0.566197025
2025-10-14 00:00:00,175,157,0.453760837,0.536102415,392.8208955,155.7794118,0.588425657,0.616436751
2025-10-15 00:00:00,173,140,0.396415623,0.480879385,56.525,240.425,0.567611055,0.580263573
2025-10-16 00:00:00,149,141,0.433926652,0.532522296,107.5151515,60.95384615,0.555764388,0.610321445
2025-10-17 00:00:00,108,92,0.450819285,0.526319458,646.4782609,217.9565217,0.520217802,0.574521592
2025-10-18 00:00:00,137,89,0.386969509,0.471469018,591.6382979,226.0416667,0.535518216,0.615103927
2025-10-19 00:00:00,149,147,0.477065106,0.476098971,362.421875,188.609375,0.560063698,0.552990071
2025-10-20 00:00:00,306,313,0.443857615,0.470677686,157.8613139,70.49635036,0.544742037,0.6169535
2025-10-21 00:00:00,261,206,0.415154468,0.499525707,314.9207921,72.65346535,0.588727124,0.614399955
2025-10-22 00:00:00,217,205,0.440843388,0.4224887,191.5730337,181.6404494,0.587617321,0.587969236
2025-10-23 00:00:00,180,155,0.428949329,0.436420282,110.0821918,89.80555556,0.53264766,0.575027337
2025-10-24 00:00:00,200,166,0.408909234,0.438797003,142.287234,57.68421053,0.536107696,0.585985666
2025-10-25 00:00:00,149,133,0.438103717,0.450522442,56.88888889,21.62295082,0.536030358,0.543928717
2025-10-26 00:00:00,205,160,0.439127448,0.514147247,258.4736842,93.71276596,0.590294844,0.578815588
2025-10-27 00:00:00,260,248,0.390965875,0.434263988,222.6068376,100.6101695,0.567005867,0.576732113
2025-10-28 00:00:00,511,457,0.391564378,0.449874586,95.76651982,85.9030837,0.550517167,0.556405959
2025-10-29 00:00:00,275,223,0.421962977,0.429254423,183.1626016,97.25203252,0.562832099,0.579500369
2025-10-30 00:00:00,251,217,0.502227066,0.459182291,176.5350877,75.38596491,0.606619775,0.593856058
2025-10-31 00:00:00,60,61,0.33229455,0.580428637,425.6071429,189.6785714,0.510670522,0.566846021
2025-11-01 00:00:00,169,101,0.326261418,0.356254404,254.125,118.2539683,0.478867557,0.509499052
2025-11-02 00:00:00,136,95,0.488014625,0.494190427,370.5272727,67.4,0.606223436,0.54830079
2025-11-03 00:00:00,155,116,0.412584313,0.446002927,272.625,123.8928571,0.538762723,0.589103009
2025-11-04 00:00:00,261,218,0.425122899,0.45000529,140.1293103,55.60344828,0.522331677,0.536389402
2025-11-05 00:00:00,410,369,0.438898837,0.482387177,182.2298851,48.22285714,0.561468948,0.583254074
2025-11-06 00:00:00,277,278,0.427751641,0.510265489,235.394958,108.5916667,0.566947725,0.611397312
2025-11-07 00:00:00,179,147,0.421754027,0.482621564,253.2739726,49.43243243,0.575805135,0.576757242
2025-11-08 00:00:00,198,157,0.423273929,0.494179539,402.7567568,88.60810811,0.508866316,0.566915093
2025-11-09 00:00:00,179,186,0.399904868,0.466757761,206.8674699,60.70238095,0.578415465,0.565862941
2025-11-10 00:00:00,215,191,0.472600828,0.510433216,241.1304348,201.0430108,0.561951876,0.564989163
2025-11-11 00:00:00,281,286,0.452240328,0.454500897,121.9014085,47.23076923,0.601597148,0.558887686
2025-11-12 00:00:00,225,189,0.42871613,0.441771884,288.9411765,62.33980583,0.535547571,0.570420801
2025-11-13 00:00:00,242,212,0.454050683,0.4637338,231.0582524,134.2403846,0.575604485,0.568388961
2025-11-14 00:00:00,201,183,0.38724135,0.460451861,207.5666667,136.978022,0.569625391,0.600201437
2025-11-15 00:00:00,33,39,0.416431004,0.513019769,480.6111111,49.82352941,0.515170308,0.548780015
2025-11-16 00:00:00,190,204,0.416604802,0.514883291,226.0116279,98.2183908,0.522862924,0.571736184
2025-11-17 00:00:00,431,414,0.426823051,0.485910123,141.2211538,50.52631579,0.518628757,0.573150686
2025-11-18 00:00:00,236,257,0.394028784,0.443112411,269.0940171,49.11111111,0.521563864,0.534444269
2025-11-19 00:00:00,314,300,0.424850081,0.46796865,141.4183007,64.66883117,0.523590107,0.578604632
2025-11-20 00:00:00,210,234,0.422109693,0.511034134,273.4747475,36.92,0.562750844,0.569040659
2025-11-21 00:00:00,286,271,0.43030841,0.482288161,149.976,160.6031746,0.559480418,0.588586399
2025-11-22 00:00:00,63,67,0.510871487,0.542694929,889.5172414,10.42857143,0.507935258,0.590968039
2025-11-23 00:00:00,78,83,0.481569191,0.464044452,286.9285714,40.95,0.556607547,0.580880232
2025-11-24 00:00:00,303,293,0.486844776,0.50234955,180.4230769,81.3740458,0.578946232,0.599833127
2025-11-25 00:00:00,269,276,0.424844522,0.427429122,209.7674419,26.23076923,0.573464801,0.55184725
2025-11-26 00:00:00,234,199,0.410424619,0.508116473,289.7227723,86.69607843,0.552012759,0.613429818
2025-11-27 00:00:00,304,297,0.41455645,0.462552171,151.8145161,77.76,0.549087475,0.56677604
2025-11-28 00:00:00,197,192,0.47762792,0.47410526,207.4680851,193.7446809,0.607213974,0.602792719
2025-11-29 00:00:00,30,27,0.395175332,0.555940192,536.4,336.3571429,0.524071359,0.640357029
2025-11-30 00:00:00,129,109,0.44245341,0.51915537,306.3333333,148.1666667,0.534990018,0.592926574
2025-12-01 00:00:00,194,233,0.471395978,0.458644754,241.09,107.2277228,0.591398223,0.59167463
2025-12-02 00:00:00,143,139,0.44834772,0.446790521,336.0746269,232.25,0.519366776,0.543420629
2025-12-03 00:00:00,109,115,0.508702188,0.481758422,436.962963,54.61818182,0.552796822,0.567451661
2025-12-04 00:00:00,97,81,0.496431249,0.375802012,659.2105263,287.9444444,0.582841749,0.516951601
2025-12-05 00:00:00,96,54,0.421469027,0.440492779,629,433.8125,0.537427398,0.588892172
2025-12-06 00:00:00,97,88,0.44950708,0.532061213,267.047619,50.90243902,0.591335616,0.642125726
2025-12-07 00:00:00,159,136,0.459352373,0.496051301,271.9736842,56.25333333,0.589877957,0.608350085
2025-12-08 00:00:00,165,168,0.477477758,0.512467335,438.2463768,169.5072464,0.589153507,0.613434324
2025-12-09 00:00:00,365,353,0.418299999,0.445374428,140.7878788,66.22754491,0.544556913,0.563785354
2025-12-10 00:00:00,256,248,0.421941096,0.479535479,254.9074074,65.65740741,0.527513449,0.581867678
2025-12-11 00:00:00,300,287,0.423538873,0.508918697,184.2681159,85.75362319,0.508878321,0.587705216
2025-12-12 00:00:00,165,146,0.452940978,0.534644561,319.234375,67.66153846,0.498639652,0.62971258
2025-12-13 00:00:00,378,365,0.405231026,0.479905061,107.0391061,29.09497207,0.540211096,0.587538772
2025-12-14 00:00:00,244,255,0.371338775,0.479925153,95.99193548,14.87096774,0.533333055,0.587536649
2025-12-15 00:00:00,302,286,0.340513298,0.48222255,174.2137405,60.91603053,0.504338188,0.564538992
2025-12-16 00:00:00,226,194,0.434376709,0.482456463,231.5048544,100.7403846,0.520664191,0.575963315
2025-12-17 00:00:00,172,159,0.429932731,0.459379901,412.5652174,88.74285714,0.54981707,0.596855072